{
  "id": "1995253",
  "name": "简书 ",
  "font_family": "iconfont",
  "css_prefix_text": "icon",
  "description": "简书项目",
  "glyphs": [
    {
      "icon_id": "543042",
      "name": "叉",
      "font_class": "cha",
      "unicode": "e639",
      "unicode_decimal": 58937
    },
    {
      "icon_id": "9699648",
      "name": "手机下载",
      "font_class": "shoujixiazai",
      "unicode": "e609",
      "unicode_decimal": 58889
    },
    {
      "icon_id": "8605747",
      "name": "指南",
      "font_class": "zhinan",
      "unicode": "e667",
      "unicode_decimal": 58983
    },
    {
      "icon_id": "14930270",
      "name": "Text Format文本格式 (18)",
      "font_class": "TextFormat",
      "unicode": "e6fb",
      "unicode_decimal": 59131
    },
    {
      "icon_id": "8358885",
      "name": "打赏1",
      "font_class": "ic-dashang",
      "unicode": "e691",
      "unicode_decimal": 59025
    },
    {
      "icon_id": "809963",
      "name": "点赞",
      "font_class": "like",
      "unicode": "e656",
      "unicode_decimal": 58966
    },
    {
      "icon_id": "3050820",
      "name": "不喜欢",
      "font_class": "dislike-b",
      "unicode": "e61d",
      "unicode_decimal": 58909
    },
    {
      "icon_id": "3402343",
      "name": "月亮",
      "font_class": "yueliang",
      "unicode": "e6b8",
      "unicode_decimal": 59064
    },
    {
      "icon_id": "902050",
      "name": "评论",
      "font_class": "pinglun",
      "unicode": "e63a",
      "unicode_decimal": 58938
    },
    {
      "icon_id": "1166550",
      "name": "加号",
      "font_class": "jiahao",
      "unicode": "e635",
      "unicode_decimal": 58933
    },
    {
      "icon_id": "1294852",
      "name": "钻石",
      "font_class": "zuanshi",
      "unicode": "e63c",
      "unicode_decimal": 58940
    },
    {
      "icon_id": "3858842",
      "name": "爱心",
      "font_class": "aixin",
      "unicode": "e608",
      "unicode_decimal": 58888
    },
    {
      "icon_id": "4425897",
      "name": "循环",
      "font_class": "xunhuan",
      "unicode": "e7b1",
      "unicode_decimal": 59313
    },
    {
      "icon_id": "4485664",
      "name": "时间",
      "font_class": "shijian",
      "unicode": "e600",
      "unicode_decimal": 58880
    },
    {
      "icon_id": "8358887",
      "name": "打赏3",
      "font_class": "dashang",
      "unicode": "e693",
      "unicode_decimal": 59027
    },
    {
      "icon_id": "12025963",
      "name": "箭头",
      "font_class": "jiantou",
      "unicode": "e7a7",
      "unicode_decimal": 59303
    },
    {
      "icon_id": "12592147",
      "name": "羽毛笔",
      "font_class": "yumaobi",
      "unicode": "e6e5",
      "unicode_decimal": 59109
    },
    {
      "icon_id": "1621077",
      "name": "Aa",
      "font_class": "Aa",
      "unicode": "e636",
      "unicode_decimal": 58934
    },
    {
      "icon_id": "5640058",
      "name": "搜索",
      "font_class": "sousuo",
      "unicode": "e627",
      "unicode_decimal": 58919
    }
  ]
}
